{"cameraMode":{"drawMode":0,"name":"Shaded","section":"Shading Mode"},"sceneLighting":true,"audioPlay":false,"sceneViewState":{"m_AlwaysRefresh":false,"showFog":true,"showSkybox":true,"showFlares":true,"showImageEffects":true,"showParticleSystems":true,"showVisualEffectGraphs":true,"m_FxEnabled":true},"in2DMode":false,"pivot":{"x":-4.405553817749023,"y":3.9331536293029787,"z":0.3309718370437622},"rotation":{"x":-0.0002229561796411872,"y":0.6940488815307617,"z":-0.000214814514038153,"w":-0.719928503036499},"size":20.701313018798829,"orthographic":false}