{"cameraMode":{"drawMode":0,"name":"Shaded","section":"Shading Mode"},"sceneLighting":true,"audioPlay":false,"sceneViewState":{"m_AlwaysRefresh":false,"showFog":true,"showSkybox":true,"showFlares":true,"showImageEffects":true,"showParticleSystems":true,"showVisualEffectGraphs":true,"m_FxEnabled":true},"in2DMode":false,"pivot":{"x":3.6948671340942385,"y":0.42975711822509768,"z":-9.343284606933594},"rotation":{"x":-0.09560474008321762,"y":0.8901683688163757,"z":-0.21954694390296937,"w":-0.3876349627971649},"size":20.90385627746582,"orthographic":false}