{"cameraMode":{"drawMode":0,"name":"Shaded","section":"Shading Mode"},"sceneLighting":true,"audioPlay":false,"sceneViewState":{"m_AlwaysRefresh":false,"showFog":true,"showSkybox":true,"showFlares":true,"showImageEffects":true,"showParticleSystems":true,"showVisualEffectGraphs":true,"m_FxEnabled":true},"in2DMode":false,"pivot":{"x":1.434415340423584,"y":2.6706788539886476,"z":0.6378364562988281},"rotation":{"x":-0.19279924035072328,"y":0.6667646169662476,"z":-0.18475373089313508,"w":-0.6957927942276001},"size":3.3337810039520265,"orthographic":false}